-- phpMyAdmin SQL Dump
-- version 5.2.1
-- https://www.phpmyadmin.net/
--
-- Host: 127.0.0.1:3306
-- Generation Time: Nov 03, 2025 at 01:51 PM
-- Server version: 9.1.0
-- PHP Version: 8.3.14

SET SQL_MODE = "NO_AUTO_VALUE_ON_ZERO";
START TRANSACTION;
SET time_zone = "+00:00";


/*!40101 SET @OLD_CHARACTER_SET_CLIENT=@@CHARACTER_SET_CLIENT */;
/*!40101 SET @OLD_CHARACTER_SET_RESULTS=@@CHARACTER_SET_RESULTS */;
/*!40101 SET @OLD_COLLATION_CONNECTION=@@COLLATION_CONNECTION */;
/*!40101 SET NAMES utf8mb4 */;

--
-- Database: `hr`
--

-- --------------------------------------------------------

--
-- Table structure for table `attendance`
--

DROP TABLE IF EXISTS `attendance`;
CREATE TABLE IF NOT EXISTS `attendance` (
  `attendance_id` int NOT NULL AUTO_INCREMENT,
  `employee_id` int DEFAULT NULL,
  `date` date DEFAULT NULL,
  `sign_in` time DEFAULT NULL,
  `sign_out` time DEFAULT NULL,
  `working_hours` decimal(5,2) DEFAULT NULL,
  PRIMARY KEY (`attendance_id`),
  KEY `employee_id` (`employee_id`)
) ENGINE=InnoDB AUTO_INCREMENT=577 DEFAULT CHARSET=latin1;

--
-- Dumping data for table `attendance`
--

INSERT INTO `attendance` (`attendance_id`, `employee_id`, `date`, `sign_in`, `sign_out`, `working_hours`) VALUES
(1, 1, '2025-02-01', '09:00:00', '18:00:00', 9.00),
(2, 2, '2025-02-01', '09:15:00', '18:15:00', 9.00),
(3, 3, '2025-02-01', '09:30:00', '18:30:00', 9.00),
(4, 4, '2025-02-01', '09:00:00', '18:00:00', 9.00),
(5, 5, '2025-02-01', '09:10:00', '18:10:00', 9.00),
(19, 4, '2025-02-01', '18:58:00', '19:58:00', 1.00),
(20, 5, '2025-02-01', '17:58:00', '19:58:00', 2.00),
(21, 6, '2025-02-07', '17:58:00', '19:58:00', 2.00),
(22, 7, '2025-02-07', '17:58:00', '19:58:00', 2.00),
(23, 8, '2025-02-07', '17:58:00', '19:58:00', 2.00),
(24, 9, '2025-02-07', '17:58:00', '19:58:00', 2.00),
(25, 10, '2025-03-07', '17:58:00', '19:58:00', 2.00),
(26, 1, '2025-02-07', '17:59:00', '20:59:00', 3.00),
(27, 2, '2025-02-07', '18:59:00', '21:59:00', 3.00),
(28, 3, '2025-02-07', '17:59:00', '23:59:00', 6.00),
(38, 3, '2025-02-08', '09:36:00', '16:37:00', 7.00),
(39, 4, '2025-02-08', '09:36:00', '16:37:00', 7.00),
(40, 5, '2025-02-08', '09:36:00', '16:37:00', 7.00),
(41, 6, '2025-02-08', '09:36:00', '16:37:00', 7.00),
(42, 7, '2025-02-08', '09:36:00', '16:37:00', 7.00),
(43, 8, '2025-02-08', '09:36:00', '16:37:00', 7.00),
(44, 9, '2025-02-08', '09:36:00', '16:37:00', 7.00),
(45, 10, '2025-03-07', '09:36:00', '16:37:00', 7.00),
(46, 1, '2025-02-08', '11:37:00', '16:37:00', 5.00),
(66, 1, '2025-03-13', '09:00:00', '17:00:00', 8.00),
(67, 2, '2025-03-13', '09:00:00', '17:00:00', 8.00),
(68, 3, '2025-03-13', '09:00:00', '17:00:00', 8.00),
(69, 4, '2025-03-13', '09:00:00', '17:00:00', 8.00),
(70, 5, '2025-03-13', '09:00:00', '17:00:00', 8.00),
(71, 6, '2025-03-13', '09:00:00', '17:00:00', 8.00),
(72, 7, '2025-03-13', '09:00:00', '17:00:00', 8.00),
(73, 8, '2025-03-13', '09:00:00', '17:00:00', 8.00),
(74, 9, '2025-03-13', '09:00:00', '17:00:00', 8.00),
(75, 10, '2025-03-13', '09:00:00', '17:00:00', 8.00),
(93, 1, '2025-03-17', '09:00:00', '17:00:00', 8.00),
(94, 2, '2025-03-17', '09:00:00', '17:00:00', 8.00),
(95, 3, '2025-03-17', '09:00:00', '17:00:00', 8.00),
(96, 4, '2025-03-17', '09:00:00', '17:00:00', 8.00),
(97, 5, '2025-03-17', '09:00:00', '17:00:00', 8.00),
(98, 6, '2025-03-17', '09:00:00', '17:00:00', 8.00),
(99, 7, '2025-03-17', '09:00:00', '17:00:00', 8.00),
(100, 8, '2025-03-17', '09:00:00', '17:00:00', 8.00),
(101, 9, '2025-03-17', '09:00:00', '17:00:00', 8.00),
(102, 10, '2025-03-17', '09:00:00', '17:00:00', 8.00),
(103, 39, '2025-03-17', '09:00:00', '17:00:00', 8.00),
(108, 1, '2025-03-18', '09:00:00', '17:00:00', 9.00),
(109, 2, '2025-03-18', '09:00:00', '17:00:00', 9.00),
(110, 3, '2025-03-18', '09:00:00', '17:00:00', 9.00),
(111, 4, '2025-03-18', '09:00:00', '17:00:00', 9.00),
(112, 5, '2025-03-18', '09:00:00', '17:00:00', 9.00),
(113, 6, '2025-03-18', '09:00:00', '17:00:00', 9.00),
(114, 7, '2025-03-18', '09:00:00', '17:00:00', 9.00),
(115, 8, '2025-03-18', '09:00:00', '17:00:00', 9.00),
(116, 9, '2025-03-18', '09:00:00', '17:00:00', 9.00),
(117, 10, '2025-03-18', '09:00:00', '17:00:00', 9.00),
(118, 39, '2025-03-18', '09:00:00', '17:00:00', 9.00),
(121, 1, '2025-03-20', '09:00:00', '17:00:00', 8.00),
(122, 2, '2025-03-20', '09:00:00', '17:00:00', 8.00),
(123, 3, '2025-03-20', '09:00:00', '17:00:00', 8.00),
(124, 4, '2025-03-20', '09:00:00', '17:00:00', 8.00),
(125, 5, '2025-03-20', '09:00:00', '17:00:00', 8.00),
(126, 6, '2025-03-20', '09:00:00', '17:00:00', 8.00),
(127, 7, '2025-03-20', '09:00:00', '17:00:00', 8.00),
(128, 8, '2025-03-20', '09:00:00', '17:00:00', 8.00),
(129, 9, '2025-03-20', '09:00:00', '17:00:00', 8.00),
(130, 10, '2025-03-20', '09:00:00', '17:00:00', 8.00),
(131, 39, '2025-03-20', '09:00:00', '17:00:00', 8.00),
(147, 1, '2025-03-21', '09:00:00', '17:00:00', 8.00),
(148, 2, '2025-03-21', '09:00:00', '17:00:00', 8.00),
(149, 3, '2025-03-21', '09:00:00', '17:00:00', 8.00),
(150, 4, '2025-03-21', '09:00:00', '17:00:00', 8.00),
(151, 5, '2025-03-21', '09:00:00', '17:00:00', 8.00),
(152, 6, '2025-03-21', '09:00:00', '17:00:00', 8.00),
(153, 7, '2025-03-21', '09:00:00', '17:00:00', 8.00),
(154, 8, '2025-03-21', '09:00:00', '17:00:00', 8.00),
(155, 9, '2025-03-21', '09:00:00', '17:00:00', 8.00),
(156, 10, '2025-03-21', '09:00:00', '17:00:00', 8.00),
(157, 39, '2025-03-21', '09:00:00', '17:00:00', 8.00),
(199, 1, '2025-03-27', '09:00:00', '17:00:00', 8.00),
(200, 2, '2025-03-27', '09:00:00', '17:00:00', 8.00),
(201, 3, '2025-03-27', '09:00:00', '17:00:00', 8.00),
(202, 4, '2025-03-27', '09:00:00', '17:00:00', 8.00),
(204, 6, '2025-03-27', '09:00:00', '17:00:00', 8.00),
(206, 8, '2025-03-27', '09:00:00', '17:00:00', 8.00),
(207, 9, '2025-03-27', '09:00:00', '17:00:00', 8.00),
(208, 10, '2025-03-27', '09:00:00', '17:00:00', 8.00),
(212, 39, '2025-03-03', '09:00:00', '17:00:00', 8.00),
(213, 10, '2025-03-03', '09:00:00', '17:00:00', 8.00),
(214, 9, '2025-03-03', '09:00:00', '17:00:00', 8.00),
(215, 8, '2025-03-03', '09:00:00', '17:00:00', 8.00),
(216, 7, '2025-03-03', '09:00:00', '17:00:00', 8.00),
(217, 6, '2025-03-03', '09:00:00', '17:00:00', 8.00),
(218, 5, '2025-03-03', '09:00:00', '17:00:00', 8.00),
(219, 4, '2025-03-03', '09:00:00', '17:00:00', 8.00),
(220, 3, '2025-03-03', '09:00:00', '17:00:00', 8.00),
(221, 2, '2025-03-03', '09:00:00', '17:00:00', 8.00),
(222, 1, '2025-03-03', '09:00:00', '17:00:00', 8.00),
(223, 39, '2025-03-04', '09:00:00', '17:00:00', 8.00),
(224, 10, '2025-03-04', '09:00:00', '17:00:00', 8.00),
(225, 9, '2025-03-04', '09:00:00', '17:00:00', 8.00),
(226, 8, '2025-03-04', '09:00:00', '17:00:00', 8.00),
(227, 7, '2025-03-04', '09:00:00', '17:00:00', 8.00),
(228, 6, '2025-03-04', '09:00:00', '17:00:00', 8.00),
(229, 5, '2025-03-04', '09:00:00', '17:00:00', 8.00),
(230, 4, '2025-03-04', '09:00:00', '17:00:00', 8.00),
(231, 3, '2025-03-04', '09:00:00', '17:00:00', 8.00),
(232, 2, '2025-03-04', '09:00:00', '17:00:00', 8.00),
(233, 1, '2025-03-04', '09:00:00', '17:00:00', 8.00),
(234, 39, '2025-03-05', '09:00:00', '17:00:00', 8.00),
(235, 10, '2025-03-05', '09:00:00', '17:00:00', 8.00),
(236, 9, '2025-03-05', '09:00:00', '17:00:00', 8.00),
(237, 8, '2025-03-05', '09:00:00', '17:00:00', 8.00),
(238, 7, '2025-03-05', '09:00:00', '17:00:00', 8.00),
(239, 6, '2025-03-05', '09:00:00', '17:00:00', 8.00),
(240, 5, '2025-03-05', '09:00:00', '17:00:00', 8.00),
(241, 4, '2025-03-05', '09:00:00', '17:00:00', 8.00),
(242, 3, '2025-03-05', '09:00:00', '17:00:00', 8.00),
(243, 2, '2025-03-05', '09:00:00', '17:00:00', 8.00),
(244, 1, '2025-03-05', '09:00:00', '17:00:00', 8.00),
(245, 39, '2025-03-06', '09:00:00', '17:00:00', 8.00),
(246, 10, '2025-03-06', '09:00:00', '17:00:00', 8.00),
(247, 9, '2025-03-06', '09:00:00', '17:00:00', 8.00),
(248, 8, '2025-03-06', '09:00:00', '17:00:00', 8.00),
(249, 7, '2025-03-06', '09:00:00', '17:00:00', 8.00),
(250, 6, '2025-03-06', '09:00:00', '17:00:00', 8.00),
(251, 5, '2025-03-06', '09:00:00', '17:00:00', 8.00),
(252, 4, '2025-03-06', '09:00:00', '17:00:00', 8.00),
(253, 3, '2025-03-06', '09:00:00', '17:00:00', 8.00),
(254, 2, '2025-03-06', '09:00:00', '17:00:00', 8.00),
(255, 1, '2025-03-06', '09:00:00', '17:00:00', 8.00),
(256, 39, '2025-03-07', '09:00:00', '17:00:00', 8.00),
(257, 10, '2025-03-07', '09:00:00', '17:00:00', 8.00),
(258, 9, '2025-03-07', '09:00:00', '17:00:00', 8.00),
(259, 8, '2025-03-07', '09:00:00', '17:00:00', 8.00),
(260, 7, '2025-03-07', '09:00:00', '17:00:00', 8.00),
(261, 6, '2025-03-07', '09:00:00', '17:00:00', 8.00),
(262, 5, '2025-03-07', '09:00:00', '17:00:00', 8.00),
(263, 4, '2025-03-07', '09:00:00', '17:00:00', 8.00),
(264, 3, '2025-03-07', '09:00:00', '17:00:00', 8.00),
(265, 2, '2025-03-07', '09:00:00', '17:00:00', 8.00),
(266, 1, '2025-03-07', '09:00:00', '17:00:00', 8.00),
(267, 39, '2025-03-11', '09:00:00', '17:00:00', 8.00),
(268, 10, '2025-03-11', '09:00:00', '17:00:00', 8.00),
(269, 9, '2025-03-11', '09:00:00', '17:00:00', 8.00),
(270, 8, '2025-03-11', '09:00:00', '17:00:00', 8.00),
(271, 7, '2025-03-11', '09:00:00', '17:00:00', 8.00),
(272, 6, '2025-03-11', '09:00:00', '17:00:00', 8.00),
(273, 5, '2025-03-11', '09:00:00', '17:00:00', 8.00),
(274, 4, '2025-03-11', '09:00:00', '17:00:00', 8.00),
(275, 3, '2025-03-11', '09:00:00', '17:00:00', 8.00),
(276, 2, '2025-03-11', '09:00:00', '17:00:00', 8.00),
(277, 1, '2025-03-11', '09:00:00', '17:00:00', 8.00),
(278, 39, '2025-03-12', '09:00:00', '17:00:00', 8.00),
(279, 10, '2025-03-12', '09:00:00', '17:00:00', 8.00),
(280, 9, '2025-03-12', '09:00:00', '17:00:00', 8.00),
(281, 8, '2025-03-12', '09:00:00', '17:00:00', 8.00),
(282, 7, '2025-03-12', '09:00:00', '17:00:00', 8.00),
(283, 6, '2025-03-12', '09:00:00', '17:00:00', 8.00),
(284, 5, '2025-03-12', '09:00:00', '17:00:00', 8.00),
(285, 4, '2025-03-12', '09:00:00', '17:00:00', 8.00),
(286, 3, '2025-03-12', '09:00:00', '17:00:00', 8.00),
(287, 2, '2025-03-12', '09:00:00', '17:00:00', 8.00),
(288, 1, '2025-03-12', '09:00:00', '17:00:00', 8.00),
(289, 39, '2025-03-19', '09:00:00', '17:00:00', 8.00),
(290, 10, '2025-03-19', '09:00:00', '17:00:00', 8.00),
(291, 9, '2025-03-19', '09:00:00', '17:00:00', 8.00),
(292, 8, '2025-03-19', '09:00:00', '17:00:00', 8.00),
(293, 7, '2025-03-19', '09:00:00', '17:00:00', 8.00),
(294, 6, '2025-03-19', '09:00:00', '17:00:00', 8.00),
(295, 5, '2025-03-19', '09:00:00', '17:00:00', 8.00),
(296, 4, '2025-03-19', '09:00:00', '17:00:00', 8.00),
(297, 3, '2025-03-19', '09:00:00', '17:00:00', 8.00),
(298, 2, '2025-03-19', '09:00:00', '17:00:00', 8.00),
(299, 1, '2025-03-19', '09:00:00', '17:00:00', 8.00),
(300, 39, '2025-03-24', '09:00:00', '17:00:00', 8.00),
(301, 10, '2025-03-24', '09:00:00', '17:00:00', 8.00),
(302, 9, '2025-03-24', '09:00:00', '17:00:00', 8.00),
(303, 8, '2025-03-24', '09:00:00', '17:00:00', 8.00),
(304, 7, '2025-03-24', '09:00:00', '17:00:00', 8.00),
(305, 6, '2025-03-24', '09:00:00', '17:00:00', 8.00),
(306, 5, '2025-03-24', '09:00:00', '17:00:00', 8.00),
(307, 4, '2025-03-24', '09:00:00', '17:00:00', 8.00),
(308, 3, '2025-03-24', '09:00:00', '17:00:00', 8.00),
(309, 2, '2025-03-24', '09:00:00', '17:00:00', 8.00),
(310, 1, '2025-03-24', '09:00:00', '17:00:00', 8.00),
(311, 39, '2025-03-25', '09:00:00', '17:00:00', 8.00),
(312, 10, '2025-03-25', '09:00:00', '17:00:00', 8.00),
(313, 9, '2025-03-25', '09:00:00', '17:00:00', 8.00),
(314, 8, '2025-03-25', '09:00:00', '17:00:00', 8.00),
(315, 7, '2025-03-25', '09:00:00', '17:00:00', 8.00),
(316, 6, '2025-03-25', '09:00:00', '17:00:00', 8.00),
(317, 5, '2025-03-25', '09:00:00', '17:00:00', 8.00),
(318, 4, '2025-03-25', '09:00:00', '17:00:00', 8.00),
(319, 3, '2025-03-25', '09:00:00', '17:00:00', 8.00),
(320, 2, '2025-03-25', '09:00:00', '17:00:00', 8.00),
(321, 1, '2025-03-25', '09:00:00', '17:00:00', 8.00),
(322, 39, '2025-03-26', '09:00:00', '17:00:00', 8.00),
(323, 10, '2025-03-26', '09:00:00', '17:00:00', 8.00),
(324, 9, '2025-03-26', '09:00:00', '17:00:00', 8.00),
(325, 8, '2025-03-26', '09:00:00', '17:00:00', 8.00),
(326, 7, '2025-03-26', '09:00:00', '17:00:00', 8.00),
(327, 6, '2025-03-26', '09:00:00', '17:00:00', 8.00),
(328, 5, '2025-03-26', '09:00:00', '17:00:00', 8.00),
(329, 4, '2025-03-26', '09:00:00', '17:00:00', 8.00),
(330, 3, '2025-03-26', '09:00:00', '17:00:00', 8.00),
(331, 2, '2025-03-26', '09:00:00', '17:00:00', 8.00),
(332, 1, '2025-03-26', '09:00:00', '17:00:00', 8.00),
(339, 1, '2025-03-10', '09:00:00', '17:00:00', 8.00),
(340, 2, '2025-03-10', '09:00:00', '17:00:00', 8.00),
(341, 3, '2025-03-10', '09:00:00', '17:00:00', 8.00),
(342, 4, '2025-03-10', '09:00:00', '17:00:00', 8.00),
(343, 5, '2025-03-10', '09:00:00', '17:00:00', 8.00),
(344, 6, '2025-03-10', '09:00:00', '17:00:00', 8.00),
(345, 7, '2025-03-10', '09:00:00', '17:00:00', 8.00),
(346, 8, '2025-03-10', '09:00:00', '17:00:00', 8.00),
(347, 9, '2025-03-10', '09:00:00', '17:00:00', 8.00),
(348, 10, '2025-03-10', '09:00:00', '17:00:00', 8.00),
(349, 39, '2025-03-10', '09:00:00', '17:00:00', 8.00),
(354, 7, '2025-03-27', '09:00:00', '17:00:00', 8.00),
(355, 5, '2025-03-27', '09:00:00', '17:00:00', 8.00),
(366, 1, '2025-03-28', '09:00:00', '17:00:00', 8.00),
(367, 2, '2025-03-28', '09:00:00', '17:00:00', 8.00),
(368, 3, '2025-03-28', '09:00:00', '17:00:00', 8.00),
(369, 4, '2025-03-28', '09:00:00', '17:00:00', 8.00),
(371, 6, '2025-03-28', '09:00:00', '17:00:00', 8.00),
(372, 7, '2025-03-28', '09:00:00', '17:00:00', 8.00),
(373, 8, '2025-03-28', '09:00:00', '17:00:00', 8.00),
(374, 9, '2025-03-28', '09:00:00', '17:00:00', 8.00),
(375, 10, '2025-03-28', '09:00:00', '17:00:00', 8.00),
(379, 5, '2025-03-28', '09:00:00', '17:00:00', 8.00),
(380, 39, '2025-03-28', '09:00:00', '17:00:00', 8.00),
(381, 39, '2025-03-13', '09:00:00', '17:00:00', 8.00),
(382, 1, '2025-04-09', '09:00:00', '17:00:00', 8.00),
(383, 2, '2025-04-09', '09:00:00', '17:00:00', 8.00),
(384, 3, '2025-04-09', '09:00:00', '17:00:00', 8.00),
(385, 4, '2025-04-09', '09:00:00', '17:00:00', 8.00),
(386, 5, '2025-04-09', '09:00:00', '17:00:00', 8.00),
(387, 6, '2025-04-09', '09:00:00', '17:00:00', 8.00),
(388, 7, '2025-04-09', '09:00:00', '17:00:00', 8.00),
(389, 8, '2025-04-09', '09:00:00', '17:00:00', 8.00),
(390, 9, '2025-04-09', '09:00:00', '17:00:00', 8.00),
(391, 10, '2025-04-09', '09:00:00', '17:00:00', 8.00),
(392, 39, '2025-04-09', '09:00:00', '17:00:00', 8.00),
(393, 1, '2025-04-10', '09:00:00', '17:00:00', 8.00),
(394, 2, '2025-04-10', '09:00:00', '17:00:00', 8.00),
(395, 3, '2025-04-10', '09:00:00', '17:00:00', 8.00),
(396, 4, '2025-04-10', '09:00:00', '17:00:00', 8.00),
(397, 5, '2025-04-10', '09:00:00', '17:00:00', 8.00),
(398, 6, '2025-04-10', '09:00:00', '17:00:00', 8.00),
(399, 7, '2025-04-10', '09:00:00', '17:00:00', 8.00),
(400, 8, '2025-04-10', '09:00:00', '17:00:00', 8.00),
(401, 9, '2025-04-10', '09:00:00', '17:00:00', 8.00),
(402, 10, '2025-04-10', '09:00:00', '17:00:00', 8.00),
(403, 39, '2025-04-10', '09:00:00', '17:00:00', 8.00),
(404, 1, '2025-04-01', '09:00:00', '17:00:00', 8.00),
(405, 2, '2025-04-01', '09:00:00', '17:00:00', 8.00),
(406, 3, '2025-04-01', '09:00:00', '17:00:00', 8.00),
(407, 4, '2025-04-01', '09:00:00', '17:00:00', 8.00),
(408, 5, '2025-04-01', '09:00:00', '17:00:00', 8.00),
(409, 6, '2025-04-01', '09:00:00', '17:00:00', 8.00),
(410, 7, '2025-04-01', '09:00:00', '17:00:00', 8.00),
(411, 8, '2025-04-01', '09:00:00', '17:00:00', 8.00),
(412, 9, '2025-04-01', '09:00:00', '17:00:00', 8.00),
(413, 10, '2025-04-01', '09:00:00', '17:00:00', 8.00),
(414, 39, '2025-04-01', '09:00:00', '17:00:00', 8.00),
(415, 1, '2025-04-02', '09:00:00', '17:00:00', 8.00),
(416, 2, '2025-04-02', '09:00:00', '17:00:00', 8.00),
(417, 3, '2025-04-02', '09:00:00', '17:00:00', 8.00),
(418, 4, '2025-04-02', '09:00:00', '17:00:00', 8.00),
(419, 5, '2025-04-02', '09:00:00', '17:00:00', 8.00),
(420, 6, '2025-04-02', '09:00:00', '17:00:00', 8.00),
(421, 7, '2025-04-02', '09:00:00', '17:00:00', 8.00),
(422, 8, '2025-04-02', '09:00:00', '17:00:00', 8.00),
(423, 9, '2025-04-02', '09:00:00', '17:00:00', 8.00),
(424, 10, '2025-04-02', '09:00:00', '17:00:00', 8.00),
(425, 39, '2025-04-02', '09:00:00', '17:00:00', 8.00),
(426, 1, '2025-04-03', '09:00:00', '17:00:00', 8.00),
(427, 2, '2025-04-03', '09:00:00', '17:00:00', 8.00),
(428, 3, '2025-04-03', '09:00:00', '17:00:00', 8.00),
(429, 4, '2025-04-03', '09:00:00', '17:00:00', 8.00),
(430, 5, '2025-04-03', '09:00:00', '17:00:00', 8.00),
(431, 6, '2025-04-03', '09:00:00', '17:00:00', 8.00),
(432, 7, '2025-04-03', '09:00:00', '17:00:00', 8.00),
(433, 8, '2025-04-03', '09:00:00', '17:00:00', 8.00),
(434, 9, '2025-04-03', '09:00:00', '17:00:00', 8.00),
(435, 10, '2025-04-03', '09:00:00', '17:00:00', 8.00),
(436, 39, '2025-04-03', '09:00:00', '17:00:00', 8.00),
(437, 1, '2025-04-04', '09:00:00', '17:00:00', 8.00),
(438, 2, '2025-04-04', '09:00:00', '17:00:00', 8.00),
(439, 3, '2025-04-04', '09:00:00', '17:00:00', 8.00),
(440, 4, '2025-04-04', '09:00:00', '17:00:00', 8.00),
(441, 5, '2025-04-04', '09:00:00', '17:00:00', 8.00),
(442, 6, '2025-04-04', '09:00:00', '17:00:00', 8.00),
(443, 7, '2025-04-04', '09:00:00', '17:00:00', 8.00),
(444, 8, '2025-04-04', '09:00:00', '17:00:00', 8.00),
(445, 9, '2025-04-04', '09:00:00', '17:00:00', 8.00),
(446, 10, '2025-04-04', '09:00:00', '17:00:00', 8.00),
(447, 39, '2025-04-04', '09:00:00', '17:00:00', 8.00),
(448, 1, '2025-04-07', '09:00:00', '17:00:00', 8.00),
(449, 2, '2025-04-07', '09:00:00', '17:00:00', 8.00),
(450, 3, '2025-04-07', '09:00:00', '17:00:00', 8.00),
(451, 4, '2025-04-07', '09:00:00', '17:00:00', 8.00),
(452, 5, '2025-04-07', '09:00:00', '17:00:00', 8.00),
(453, 6, '2025-04-07', '09:00:00', '17:00:00', 8.00),
(454, 7, '2025-04-07', '09:00:00', '17:00:00', 8.00),
(455, 8, '2025-04-07', '09:00:00', '17:00:00', 8.00),
(456, 9, '2025-04-07', '09:00:00', '17:00:00', 8.00),
(457, 10, '2025-04-07', '09:00:00', '17:00:00', 8.00),
(458, 39, '2025-04-07', '09:00:00', '17:00:00', 8.00),
(459, 1, '2025-04-08', '09:00:00', '17:00:00', 8.00),
(460, 2, '2025-04-08', '09:00:00', '17:00:00', 8.00),
(461, 3, '2025-04-08', '09:00:00', '17:00:00', 8.00),
(462, 4, '2025-04-08', '09:00:00', '17:00:00', 8.00),
(463, 5, '2025-04-08', '09:00:00', '17:00:00', 8.00),
(464, 6, '2025-04-08', '09:00:00', '17:00:00', 8.00),
(465, 7, '2025-04-08', '09:00:00', '17:00:00', 8.00),
(466, 8, '2025-04-08', '09:00:00', '17:00:00', 8.00),
(467, 9, '2025-04-08', '09:00:00', '17:00:00', 8.00),
(468, 10, '2025-04-08', '09:00:00', '17:00:00', 8.00),
(469, 39, '2025-04-08', '09:00:00', '17:00:00', 8.00),
(470, 1, '2025-04-11', '09:00:00', '17:00:00', 8.00),
(471, 2, '2025-04-11', '09:00:00', '17:00:00', 8.00),
(472, 3, '2025-04-11', '09:00:00', '17:00:00', 8.00),
(473, 4, '2025-04-11', '09:00:00', '17:00:00', 8.00),
(474, 5, '2025-04-11', '09:00:00', '17:00:00', 8.00),
(475, 6, '2025-04-11', '09:00:00', '17:00:00', 8.00),
(476, 7, '2025-04-11', '09:00:00', '17:00:00', 8.00),
(477, 8, '2025-04-11', '09:00:00', '17:00:00', 8.00),
(478, 9, '2025-04-11', '09:00:00', '17:00:00', 8.00),
(479, 10, '2025-04-11', '09:00:00', '17:00:00', 8.00),
(480, 39, '2025-04-11', '09:00:00', '17:00:00', 8.00),
(481, 56, '2025-04-11', '09:00:00', '17:00:00', 8.00),
(483, 39, '2025-04-15', '09:00:00', '17:00:00', 8.00),
(484, 39, '2025-04-16', '09:00:00', '17:00:00', 8.00),
(485, 39, '2025-04-17', '09:00:00', '17:00:00', 8.00),
(486, 39, '2025-04-21', '09:00:00', '17:00:00', 8.00),
(487, 39, '2025-04-22', '09:00:00', '17:00:00', 8.00),
(488, 39, '2025-04-23', '09:00:00', '17:00:00', 8.00),
(489, 39, '2025-04-24', '09:00:00', '17:00:00', 8.00),
(490, 39, '2025-04-25', '09:00:00', '17:00:00', 8.00),
(491, 39, '2025-04-28', '09:00:00', '17:00:00', 8.00),
(492, 39, '2025-04-29', '09:00:00', '17:00:00', 8.00),
(493, 39, '2025-04-30', '09:00:00', '17:00:00', 8.00),
(494, 39, '2025-05-02', '09:00:00', '17:00:00', 8.00),
(495, 39, '2025-05-05', '09:00:00', '17:00:00', 8.00),
(496, 39, '2025-05-06', '09:00:00', '17:00:00', 8.00),
(497, 39, '2025-05-07', '09:00:00', '17:00:00', 8.00),
(498, 39, '2025-05-08', '09:00:00', '17:00:00', 8.00),
(499, 39, '2025-05-09', '09:00:00', '17:00:00', 8.00),
(500, 39, '2025-05-13', '09:00:00', '17:00:00', 8.00),
(501, 39, '2025-05-14', '09:00:00', '17:00:00', 8.00),
(502, 39, '2025-05-15', '09:00:00', '17:00:00', 8.00),
(503, 39, '2025-05-16', '09:00:00', '17:00:00', 8.00),
(504, 39, '2025-05-19', '09:00:00', '17:00:00', 8.00),
(505, 39, '2025-05-20', '09:00:00', '17:00:00', 8.00),
(506, 39, '2025-05-21', '09:00:00', '17:00:00', 8.00),
(507, 39, '2025-05-22', '09:00:00', '17:00:00', 8.00),
(508, 39, '2025-05-23', '09:00:00', '17:00:00', 8.00),
(509, 39, '2025-05-26', '09:00:00', '17:00:00', 8.00),
(510, 39, '2025-05-27', '09:00:00', '17:00:00', 8.00),
(511, 39, '2025-05-28', '09:00:00', '17:00:00', 8.00),
(512, 39, '2025-05-29', '09:00:00', '17:00:00', 8.00),
(513, 39, '2025-05-30', '09:00:00', '17:00:00', 8.00),
(514, 39, '2025-06-02', '09:00:00', '17:00:00', 8.00),
(515, 39, '2025-06-03', '09:00:00', '17:00:00', 8.00),
(516, 39, '2025-06-04', '09:00:00', '17:00:00', 8.00),
(517, 39, '2025-06-05', '09:00:00', '17:00:00', 8.00),
(518, 39, '2025-06-06', '09:00:00', '17:00:00', 8.00),
(519, 39, '2025-06-09', '09:00:00', '17:00:00', 8.00),
(520, 39, '2025-06-10', '09:00:00', '17:00:00', 8.00),
(521, 39, '2025-06-11', '09:00:00', '17:00:00', 8.00),
(522, 39, '2025-06-12', '09:00:00', '17:00:00', 8.00),
(523, 39, '2025-06-13', '09:00:00', '17:00:00', 8.00),
(524, 39, '2025-06-16', '09:00:00', '17:00:00', 8.00),
(525, 39, '2025-06-17', '09:00:00', '17:00:00', 8.00),
(526, 39, '2025-06-18', '09:00:00', '17:00:00', 8.00),
(527, 39, '2025-06-19', '09:00:00', '17:00:00', 8.00),
(528, 39, '2025-06-20', '09:00:00', '17:00:00', 8.00),
(529, 39, '2025-06-23', '09:00:00', '17:00:00', 8.00),
(530, 39, '2025-06-24', '09:00:00', '17:00:00', 8.00),
(531, 39, '2025-06-25', '09:00:00', '17:00:00', 8.00),
(532, 39, '2025-06-26', '09:00:00', '17:00:00', 8.00),
(533, 39, '2025-06-27', '09:00:00', '17:00:00', 8.00),
(534, 39, '2025-06-30', '09:00:00', '17:00:00', 8.00),
(535, 39, '2025-07-01', '09:00:00', '17:00:00', 8.00),
(536, 39, '2025-07-02', '09:00:00', '17:00:00', 8.00),
(537, 39, '2025-07-03', '09:00:00', '17:00:00', 8.00),
(538, 39, '2025-07-04', '09:00:00', '17:00:00', 8.00),
(539, 39, '2025-07-07', '09:00:00', '17:00:00', 8.00),
(540, 39, '2025-07-08', '09:00:00', '17:00:00', 8.00),
(541, 39, '2025-07-09', '09:00:00', '17:00:00', 8.00),
(542, 39, '2025-07-10', '09:00:00', '17:00:00', 8.00),
(543, 39, '2025-07-11', '09:00:00', '17:00:00', 8.00),
(544, 39, '2025-07-14', '09:00:00', '17:00:00', 8.00),
(545, 39, '2025-07-15', '09:00:00', '17:00:00', 8.00),
(546, 39, '2025-07-16', '09:00:00', '17:00:00', 8.00),
(547, 39, '2025-07-17', '09:00:00', '17:00:00', 8.00),
(548, 39, '2025-07-18', '09:00:00', '17:00:00', 8.00),
(549, 39, '2025-07-21', '09:00:00', '17:00:00', 8.00),
(550, 39, '2025-07-22', '09:00:00', '17:00:00', 8.00),
(551, 39, '2025-07-23', '09:00:00', '17:00:00', 8.00),
(552, 39, '2025-07-24', '09:00:00', '17:00:00', 8.00),
(553, 39, '2025-07-25', '09:00:00', '17:00:00', 8.00),
(554, 39, '2025-07-28', '09:00:00', '17:00:00', 8.00),
(555, 39, '2025-07-29', '09:00:00', '17:00:00', 8.00),
(556, 39, '2025-07-30', '09:00:00', '17:00:00', 8.00),
(557, 39, '2025-07-31', '09:00:00', '17:00:00', 8.00),
(558, 39, '2025-08-01', '09:00:00', '17:00:00', 8.00),
(559, 39, '2025-08-04', '09:00:00', '17:00:00', 8.00),
(560, 39, '2025-08-05', '09:00:00', '17:00:00', 8.00),
(561, 39, '2025-08-06', '09:00:00', '17:00:00', 8.00),
(562, 39, '2025-08-07', '09:00:00', '17:00:00', 8.00),
(563, 39, '2025-08-08', '09:00:00', '17:00:00', 8.00),
(564, 39, '2025-08-11', '09:00:00', '17:00:00', 8.00),
(565, 39, '2025-08-12', '09:00:00', '17:00:00', 8.00),
(566, 39, '2025-08-13', '09:00:00', '17:00:00', 8.00),
(567, 39, '2025-08-14', '09:00:00', '17:00:00', 8.00),
(568, 39, '2025-08-18', '09:00:00', '17:00:00', 8.00),
(569, 39, '2025-08-19', '09:00:00', '17:00:00', 8.00),
(570, 39, '2025-08-20', '09:00:00', '17:00:00', 8.00),
(571, 39, '2025-08-21', '09:00:00', '17:00:00', 8.00),
(572, 39, '2025-08-22', '09:00:00', '17:00:00', 8.00),
(573, 39, '2025-08-25', '09:00:00', '17:00:00', 8.00),
(574, 39, '2025-08-26', '09:00:00', '17:00:00', 8.00),
(575, 39, '2025-08-28', '09:00:00', '17:00:00', 8.00),
(576, 39, '2025-08-29', '09:00:00', '17:00:00', 8.00);

-- --------------------------------------------------------

--
-- Table structure for table `department`
--

DROP TABLE IF EXISTS `department`;
CREATE TABLE IF NOT EXISTS `department` (
  `department_id` int NOT NULL AUTO_INCREMENT,
  `department_name` varchar(255) NOT NULL,
  PRIMARY KEY (`department_id`)
) ENGINE=InnoDB AUTO_INCREMENT=52 DEFAULT CHARSET=latin1;

--
-- Dumping data for table `department`
--

INSERT INTO `department` (`department_id`, `department_name`) VALUES
(1, 'HUMAN RESOURCES'),
(2, 'FINANCE'),
(3, 'ENGINEERING'),
(4, 'MARKETING'),
(5, 'OPERATIONS'),
(26, 'DEVELOPER'),
(51, 'MAINTANCE');

-- --------------------------------------------------------

--
-- Table structure for table `designation`
--

DROP TABLE IF EXISTS `designation`;
CREATE TABLE IF NOT EXISTS `designation` (
  `designation_id` int NOT NULL AUTO_INCREMENT,
  `designation_name` varchar(255) NOT NULL,
  `base_salary` decimal(10,2) NOT NULL,
  `department_id` int DEFAULT NULL,
  PRIMARY KEY (`designation_id`),
  KEY `department_id` (`department_id`)
) ENGINE=InnoDB AUTO_INCREMENT=27 DEFAULT CHARSET=latin1;

--
-- Dumping data for table `designation`
--

INSERT INTO `designation` (`designation_id`, `designation_name`, `base_salary`, `department_id`) VALUES
(1, 'HR MANAGER', 80000.00, 1),
(2, 'ACCOUNTANT', 55000.00, 2),
(3, 'SOFTWARE ENGINEER', 60000.00, 3),
(4, 'MARKETING EXECUTIVE', 56000.00, 4),
(5, 'OPERATIONS MANAGER', 45000.00, 5),
(6, 'HR EXECUTIVE', 62000.00, 1),
(7, 'FINANCE ANALYST', 40000.00, 2),
(8, 'WEB DEVELOPER', 72000.00, 26),
(9, 'SEO SPECIALIST', 68000.00, 4),
(10, 'SUPPLY CHAIN MANAGER', 50000.00, 5),
(26, 'XYZ', 10000.00, 51);

-- --------------------------------------------------------

--
-- Table structure for table `employee`
--

DROP TABLE IF EXISTS `employee`;
CREATE TABLE IF NOT EXISTS `employee` (
  `employee_id` int NOT NULL AUTO_INCREMENT,
  `employee_name` varchar(255) NOT NULL,
  `email` varchar(255) DEFAULT NULL,
  `contact` varchar(20) DEFAULT NULL,
  `dob` date DEFAULT NULL,
  `salary` decimal(10,2) DEFAULT NULL,
  `nationality` varchar(50) DEFAULT NULL,
  `marital_status` enum('Single','Married','Divorced','Widowed') DEFAULT NULL,
  `address` text,
  `gender` enum('Male','Female','Other') DEFAULT NULL,
  `department_id` int DEFAULT NULL,
  `designation_id` int DEFAULT NULL,
  `password` varchar(255) NOT NULL,
  `password_changed` tinyint(1) DEFAULT '0',
  `profile_pic` varchar(255) DEFAULT 'user.jpg',
  `hire_date` date NOT NULL,
  PRIMARY KEY (`employee_id`),
  KEY `department_id` (`department_id`),
  KEY `designation_id` (`designation_id`)
) ENGINE=InnoDB AUTO_INCREMENT=67 DEFAULT CHARSET=latin1;

--
-- Dumping data for table `employee`
--

INSERT INTO `employee` (`employee_id`, `employee_name`, `email`, `contact`, `dob`, `salary`, `nationality`, `marital_status`, `address`, `gender`, `department_id`, `designation_id`, `password`, `password_changed`, `profile_pic`, `hire_date`) VALUES
(1, 'Amit Sharma', 'amit.sharma@email.com', '9876543210', '1990-05-12', 80000.00, 'Indian', 'Married', 'Mumbai, Maharashtra', 'Male', 1, 1, '0', 0, 'user.jpg', '2025-03-01'),
(2, 'Priya Patel', 'priya.patel@email.com', '9876543221', '1992-08-25', NULL, 'Indian', 'Single', 'Ahmedabad, Gujarat', 'Female', 2, 2, '0', 0, 'user.jpg', '2025-03-01'),
(3, 'Rajesh Kumar', 'rajesh.kumar@email.com', '9876543232', '1988-04-17', NULL, 'Indian', 'Married', 'Delhi', 'Male', 3, 3, '0', 0, 'user.jpg', '2025-03-01'),
(4, 'Sneha Iyer', 'sneha.iyer@email.com', '9876543243', '1995-09-10', NULL, 'Indian', 'Single', 'Bangalore, Karnataka', 'Female', 4, 4, '0', 0, 'user.jpg', '2025-03-01'),
(5, 'Vikram Singh', 'vikram.singh@email.com', '9876543254', '1991-12-20', NULL, 'Indian', 'Married', 'Jaipur, Rajasthan', 'Male', 5, 5, '0', 0, 'user.jpg', '2025-03-01'),
(6, 'Anjali Verma', 'anjali.verma@email.com', '9876543265', '1994-06-15', NULL, 'Indian', 'Single', 'Pune, Maharashtra', 'Female', 1, 6, '0', 0, 'user.jpg', '2025-03-01'),
(7, 'Suresh Reddy', 'suresh.reddy@email.com', '9876543276', '1987-02-28', 42000.00, 'Indian', 'Married', 'Hyderabad, Telangana', 'Male', 2, 7, '0', 0, 'user.jpg', '2025-03-01'),
(8, 'Neha Kapoor', 'neha.kapoor@email.com', '9876543287', '1996-11-05', NULL, 'Indian', 'Single', 'Chandigarh', 'Female', 3, 8, '0', 0, 'user.jpg', '2025-03-01'),
(9, 'Rahul Choudhary', 'rahul.choudhary@email.com', '9876543298', '1993-07-14', NULL, 'Indian', 'Married', 'Lucknow, Uttar Pradesh', 'Male', 4, 9, '0', 0, 'user.jpg', '2025-03-01'),
(10, 'Pooja Mehta', 'pooja.mehta@email.com', '9876543309', '1997-03-22', NULL, 'Indian', 'Single', 'Indore, Madhya Pradesh', 'Female', 5, 10, '0', 0, 'user.jpg', '2025-03-01'),
(39, 'pratham danawala', 'riyadanawala@gmail.com', '9510993484', '2004-09-16', NULL, 'usa', 'Married', 'chikhli', 'Male', 1, 8, 'Riya@123', 1, 'WhatsApp Image 2025-03-13 at 14.08.08_2149ee10.jpg', '2025-03-01'),
(56, 'amit patel', 'ratilaldanawala@gmail.com', '9510993484', '2004-10-13', NULL, 'indian', 'Single', 'abc', 'Male', 51, 26, 'Pratham@123', 1, 'user.jpg', '2025-04-11'),
(64, 'ajay', '25mca029@charusat.edu.in', '8511020504', '2004-12-21', NULL, 'indian', 'Single', 'vapi', 'Male', 26, 8, 'Employee@123', 0, 'user.jpg', '2025-08-26'),
(65, 'meet', 'meetgol22@gmail.com', '9510993484', '2002-06-03', NULL, 'indian', 'Single', 'bilimora', 'Male', 5, 5, 'Employee@123', 0, 'user.jpg', '2025-09-07'),
(66, 'meet', '25mca046@charusat.edu.in', '9510993484', '2002-06-03', NULL, 'indian', 'Single', 'bilimora', 'Male', 1, 1, 'Pratham@123', 1, 'user.jpg', '2025-09-07');

-- --------------------------------------------------------

--
-- Table structure for table `employee_leave_balance`
--

DROP TABLE IF EXISTS `employee_leave_balance`;
CREATE TABLE IF NOT EXISTS `employee_leave_balance` (
  `id` int NOT NULL AUTO_INCREMENT,
  `employee_id` int NOT NULL,
  `leave_type_id` int NOT NULL,
  `used_leaves` int DEFAULT '0',
  `remaining_leaves` int NOT NULL,
  PRIMARY KEY (`id`),
  KEY `employee_id` (`employee_id`),
  KEY `leave_type_id` (`leave_type_id`)
) ENGINE=MyISAM AUTO_INCREMENT=113 DEFAULT CHARSET=utf8mb4 COLLATE=utf8mb4_0900_ai_ci;

--
-- Dumping data for table `employee_leave_balance`
--

INSERT INTO `employee_leave_balance` (`id`, `employee_id`, `leave_type_id`, `used_leaves`, `remaining_leaves`) VALUES
(111, 66, 2, 0, 10),
(110, 66, 1, 0, 6),
(109, 65, 5, 0, 15),
(4, 1, 1, 0, 6),
(5, 1, 2, 0, 10),
(6, 1, 5, 0, 15),
(7, 2, 1, 0, 6),
(8, 2, 2, 0, 10),
(9, 2, 5, 0, 15),
(10, 3, 1, 0, 6),
(11, 3, 2, 0, 10),
(12, 3, 5, 0, 15),
(13, 4, 1, 0, 6),
(14, 4, 2, 0, 10),
(15, 4, 5, 0, 15),
(16, 5, 1, 0, 6),
(17, 5, 2, 0, 10),
(18, 5, 5, 0, 15),
(19, 6, 1, 0, 6),
(20, 6, 2, 0, 10),
(21, 6, 5, 0, 15),
(22, 7, 1, 0, 6),
(23, 7, 2, 0, 10),
(24, 7, 5, 0, 15),
(25, 8, 1, 0, 6),
(26, 8, 2, 0, 10),
(27, 8, 5, 0, 15),
(28, 9, 1, 0, 6),
(29, 9, 2, 0, 10),
(30, 9, 5, 0, 15),
(31, 10, 1, 0, 6),
(32, 10, 2, 0, 10),
(33, 10, 5, 0, 15),
(34, 39, 1, 0, 6),
(35, 39, 2, 0, 10),
(76, 39, 5, 2, 13),
(108, 65, 2, 0, 10),
(107, 65, 1, 0, 6),
(106, 64, 5, 0, 15),
(105, 64, 2, 0, 10),
(104, 64, 1, 0, 6),
(82, 56, 5, 0, 15),
(81, 56, 2, 0, 10),
(80, 56, 1, 0, 6),
(112, 66, 5, 0, 15);

-- --------------------------------------------------------

--
-- Table structure for table `employee_todo`
--

DROP TABLE IF EXISTS `employee_todo`;
CREATE TABLE IF NOT EXISTS `employee_todo` (
  `employee_todo_id` int NOT NULL AUTO_INCREMENT,
  `employee_description` varchar(255) NOT NULL,
  PRIMARY KEY (`employee_todo_id`)
) ENGINE=MyISAM AUTO_INCREMENT=17 DEFAULT CHARSET=utf8mb4 COLLATE=utf8mb4_0900_ai_ci;

--
-- Dumping data for table `employee_todo`
--

INSERT INTO `employee_todo` (`employee_todo_id`, `employee_description`) VALUES
(11, 'Complete the monthly report'),
(12, 'Attend team meeting at 2 PM'),
(13, 'Submit attendance for the week'),
(14, 'Update project timeline'),
(15, 'Prepare presentation for client meeting');

-- --------------------------------------------------------

--
-- Table structure for table `holiday`
--

DROP TABLE IF EXISTS `holiday`;
CREATE TABLE IF NOT EXISTS `holiday` (
  `holiday_id` int NOT NULL AUTO_INCREMENT,
  `holiday_name` varchar(255) NOT NULL,
  `start_date` date DEFAULT NULL,
  `end_date` date DEFAULT NULL,
  `days` int DEFAULT NULL,
  `year` year DEFAULT NULL,
  PRIMARY KEY (`holiday_id`),
  UNIQUE KEY `holiday_name` (`holiday_name`),
  UNIQUE KEY `holiday_name_2` (`holiday_name`),
  UNIQUE KEY `holiday_name_3` (`holiday_name`)
) ENGINE=InnoDB AUTO_INCREMENT=75 DEFAULT CHARSET=latin1;

--
-- Dumping data for table `holiday`
--

INSERT INTO `holiday` (`holiday_id`, `holiday_name`, `start_date`, `end_date`, `days`, `year`) VALUES
(6, 'Good Friday', '2025-04-18', '2025-04-18', 1, '2025'),
(9, 'Eid-ul-Fitr', '2025-03-31', '2025-03-31', 1, '2025'),
(10, 'Ambedkar Jayanti', '2025-04-14', '2025-04-14', 1, '2025'),
(11, 'May Day (Labour Day)', '2025-05-01', '2025-05-01', 1, '2025'),
(12, 'Buddha Purnima', '2025-05-12', '2025-05-12', 1, '2025'),
(13, 'Bakrid (Eid-ul-Adha)', '2025-06-07', '2025-06-07', 1, '2025'),
(14, 'Muharram', '2025-07-26', '2025-07-26', 1, '2025'),
(15, 'Independence Day', '2025-08-15', '2025-08-15', 1, '2025'),
(16, 'Raksha Bandhan', '2025-08-09', '2025-08-09', 1, '2025'),
(17, 'Janmashtami', '2025-08-17', '2025-08-17', 1, '2025'),
(18, 'Ganesh Chaturthi', '2025-08-27', '2025-08-28', 1, '2025'),
(19, 'Gandhi Jayanti', '2025-10-02', '2025-10-02', 1, '2025'),
(20, 'Dussehra', '2025-10-13', '2025-10-13', 1, '2025'),
(21, 'Diwali', '2025-10-31', '2025-11-04', 5, '2025'),
(22, 'Bhai Dooj', '2025-11-05', '2025-11-05', 1, '2025'),
(23, 'Guru Nanak Jayanti', '2025-11-15', '2025-11-15', 1, '2025'),
(24, 'Christmas', '2025-12-25', '2025-12-25', 1, '2025'),
(73, 'holi', '2025-03-14', '2025-03-15', 1, '2025');

-- --------------------------------------------------------

--
-- Table structure for table `hr_login`
--

DROP TABLE IF EXISTS `hr_login`;
CREATE TABLE IF NOT EXISTS `hr_login` (
  `email` varchar(255) NOT NULL,
  `password` varchar(255) NOT NULL
) ENGINE=InnoDB DEFAULT CHARSET=latin1;

--
-- Dumping data for table `hr_login`
--

INSERT INTO `hr_login` (`email`, `password`) VALUES
('prathamdanawala@gmail.com', 'Pratham@123'),
('25mca046@charusat.edu.in', '25mca046');

-- --------------------------------------------------------

--
-- Table structure for table `hr_todo`
--

DROP TABLE IF EXISTS `hr_todo`;
CREATE TABLE IF NOT EXISTS `hr_todo` (
  `todo_id` int NOT NULL AUTO_INCREMENT,
  `description` varchar(255) CHARACTER SET utf8mb4 COLLATE utf8mb4_0900_ai_ci NOT NULL,
  PRIMARY KEY (`todo_id`)
) ENGINE=MyISAM AUTO_INCREMENT=44 DEFAULT CHARSET=utf8mb4 COLLATE=utf8mb4_0900_ai_ci;

--
-- Dumping data for table `hr_todo`
--

INSERT INTO `hr_todo` (`todo_id`, `description`) VALUES
(36, 'Schedule HR meeting'),
(34, 'Review employee attendance'),
(35, 'Prepare payroll report'),
(37, 'Update company policies'),
(38, 'Process leave applications'),
(39, 'Organize training session'),
(40, 'Check recruitment status'),
(41, 'Respond to employee queries'),
(42, 'Evaluate employee performance'),
(43, 'Prepare monthly HR report');

-- --------------------------------------------------------

--
-- Table structure for table `leave`
--

DROP TABLE IF EXISTS `leave`;
CREATE TABLE IF NOT EXISTS `leave` (
  `leave_id` int NOT NULL AUTO_INCREMENT,
  `employee_id` int DEFAULT NULL,
  `leave_type_id` int DEFAULT NULL,
  `apply_date` date DEFAULT NULL,
  `start_date` date DEFAULT NULL,
  `end_date` date DEFAULT NULL,
  `duration` int DEFAULT NULL,
  `leave_status` enum('Approved','Rejected') CHARACTER SET latin1 COLLATE latin1_swedish_ci DEFAULT NULL,
  PRIMARY KEY (`leave_id`),
  KEY `employee_id` (`employee_id`),
  KEY `leave_type_id` (`leave_type_id`)
) ENGINE=InnoDB AUTO_INCREMENT=29 DEFAULT CHARSET=latin1;

--
-- Dumping data for table `leave`
--

INSERT INTO `leave` (`leave_id`, `employee_id`, `leave_type_id`, `apply_date`, `start_date`, `end_date`, `duration`, `leave_status`) VALUES
(12, 39, 5, '2025-03-21', '2025-03-24', '2025-03-25', 1, 'Rejected'),
(14, 39, 5, '2025-03-26', '2025-03-27', '2025-03-28', 1, 'Approved');

-- --------------------------------------------------------

--
-- Table structure for table `leave_type`
--

DROP TABLE IF EXISTS `leave_type`;
CREATE TABLE IF NOT EXISTS `leave_type` (
  `leave_type_id` int NOT NULL AUTO_INCREMENT,
  `leave_type_name` varchar(255) NOT NULL,
  `number_of_days` int NOT NULL DEFAULT '0',
  PRIMARY KEY (`leave_type_id`)
) ENGINE=InnoDB AUTO_INCREMENT=14 DEFAULT CHARSET=latin1;

--
-- Dumping data for table `leave_type`
--

INSERT INTO `leave_type` (`leave_type_id`, `leave_type_name`, `number_of_days`) VALUES
(1, 'Sick Leave', 6),
(2, 'Paid Leave', 10),
(5, 'Annual Leave', 15);

-- --------------------------------------------------------

--
-- Table structure for table `notice`
--

DROP TABLE IF EXISTS `notice`;
CREATE TABLE IF NOT EXISTS `notice` (
  `notice_id` int NOT NULL AUTO_INCREMENT,
  `title` varchar(255) NOT NULL,
  `description` varchar(255) CHARACTER SET latin1 COLLATE latin1_swedish_ci DEFAULT NULL,
  `date` date DEFAULT NULL,
  PRIMARY KEY (`notice_id`)
) ENGINE=InnoDB AUTO_INCREMENT=17 DEFAULT CHARSET=latin1;

--
-- Dumping data for table `notice`
--

INSERT INTO `notice` (`notice_id`, `title`, `description`, `date`) VALUES
(3, 'Annual Leave Policy Update', 'All employees are advised to check the updated leave policy for the year 2025.', '2025-03-01'),
(4, 'Company Town Hall Meeting', 'A town hall meeting will be held to discuss company performance and future plans.', '2025-03-02'),
(5, 'System Maintenance Alert', 'Scheduled system maintenance will take place on March 5th from 10 PM to 2 AM.', '2025-03-03'),
(6, 'New Employee Orientation', 'All new employees must attend the mandatory orientation session.', '2025-03-04'),
(7, 'Employee Recognition Program', 'Submit nominations for Employee of the Month before March 10th.', '2025-03-05'),
(8, 'HR Policy Updates', 'Recent updates to HR policies regarding work-from-home guidelines.', '2025-03-06'),
(9, 'Payroll Processing Delay', 'Salary disbursement will be delayed by one day due to technical issues.', '2025-03-07'),
(10, 'Mandatory Compliance Training', 'All employees must complete compliance training by March 15th.', '2025-03-08'),
(11, 'Wellness Program Launch', 'Join our new wellness program to stay fit and healthy at work.', '2025-03-09'),
(12, 'Office Relocation Notice', 'The company headquarters will be moving to a new building by April 1st.', '2025-03-10'),
(15, 'Company meeting', 'Company meeting scheduled for Monday at 10 AM', '2025-03-14');

-- --------------------------------------------------------

--
-- Table structure for table `payroll`
--

DROP TABLE IF EXISTS `payroll`;
CREATE TABLE IF NOT EXISTS `payroll` (
  `payroll_id` int NOT NULL AUTO_INCREMENT,
  `employee_id` int DEFAULT NULL,
  `present_days` int DEFAULT NULL,
  `total_hours` int DEFAULT NULL,
  `salary` decimal(10,2) DEFAULT NULL,
  `payment_mode` varchar(50) DEFAULT NULL,
  `month_year` varchar(20) CHARACTER SET utf8mb4 COLLATE utf8mb4_0900_ai_ci DEFAULT NULL,
  `pay_date` date DEFAULT NULL,
  `razorpay_payment_id` varchar(255) NOT NULL,
  PRIMARY KEY (`payroll_id`),
  KEY `employee_id` (`employee_id`)
) ENGINE=MyISAM AUTO_INCREMENT=101 DEFAULT CHARSET=utf8mb4 COLLATE=utf8mb4_0900_ai_ci;

--
-- Dumping data for table `payroll`
--

INSERT INTO `payroll` (`payroll_id`, `employee_id`, `present_days`, `total_hours`, `salary`, `payment_mode`, `month_year`, `pay_date`, `razorpay_payment_id`) VALUES
(89, 39, 3, 40, 110000.00, 'Cash', 'March 2025', '2025-03-08', 'Not Applicable'),
(84, 4, 2, 17, 45000.00, 'cheque', 'March 2025', '2025-03-18', '121212'),
(85, 5, 2, 18, 95000.00, 'online', 'March 2025', '2025-03-17', 'pay_Q8E4EGvLgoyZl2'),
(70, 8, 2, 9, 66000.00, 'online', 'March 2025', '2025-03-15', 'pay_Q73OUvrLiF0vc4'),
(92, 3, 3, 22, 60000.00, 'online', 'March 2025', '2025-03-27', 'pay_QBlUMPw9ZTVSk3'),
(88, 6, 2, 9, 76000.00, 'online', 'March 2025', '2025-03-21', 'pay_Q9UgRS19PMjs8z'),
(73, 39, 3, 40, 110000.00, 'Cash', 'February 2025', '2025-02-01', 'Not Applicable'),
(97, 39, 18, 145, 72000.00, 'online', 'April 2025', '2025-04-11', 'pay_QHIkNVMXAH1SWI'),
(91, 1, 3, 17, 110000.00, 'online', 'March 2025', '2025-03-25', 'pay_QAu8Ea1uGWTyNY'),
(87, 2, 2, 12, 20000.00, 'DBT', 'March 2025', '2025-03-18', 'Not Applicable'),
(98, 56, 0, 0, 10000.00, 'online', 'April 2025', '2025-04-11', 'pay_QHf5D7E2gWSwvT');

-- --------------------------------------------------------

--
-- Table structure for table `payslip_requests`
--

DROP TABLE IF EXISTS `payslip_requests`;
CREATE TABLE IF NOT EXISTS `payslip_requests` (
  `request_id` int NOT NULL AUTO_INCREMENT,
  `employee_id` int NOT NULL,
  `payroll_ids` text NOT NULL,
  `year` int NOT NULL,
  `months` varchar(255) NOT NULL,
  `reason` varchar(255) NOT NULL,
  `reason_of_rejection` varchar(255) NOT NULL,
  `status` enum('Pending','Approved','Rejected') DEFAULT 'Pending',
  `request_date` timestamp NULL DEFAULT CURRENT_TIMESTAMP,
  PRIMARY KEY (`request_id`),
  KEY `employee_id` (`employee_id`)
) ENGINE=MyISAM AUTO_INCREMENT=32 DEFAULT CHARSET=utf8mb4 COLLATE=utf8mb4_0900_ai_ci;

-- --------------------------------------------------------

--
-- Table structure for table `project`
--

DROP TABLE IF EXISTS `project`;
CREATE TABLE IF NOT EXISTS `project` (
  `project_id` int NOT NULL AUTO_INCREMENT,
  `project_title` varchar(255) NOT NULL,
  `status` enum('Planned','In Process','Completed') CHARACTER SET latin1 COLLATE latin1_swedish_ci DEFAULT NULL,
  `start_date` date DEFAULT NULL,
  `end_date` date DEFAULT NULL,
  `employee_id` int DEFAULT NULL,
  PRIMARY KEY (`project_id`)
) ENGINE=InnoDB AUTO_INCREMENT=30 DEFAULT CHARSET=latin1;

--
-- Dumping data for table `project`
--

INSERT INTO `project` (`project_id`, `project_title`, `status`, `start_date`, `end_date`, `employee_id`) VALUES
(13, 'Employee Management System', 'Planned', '2025-03-01', '2025-06-15', NULL),
(14, 'Payroll Automation', 'In Process', '2025-02-10', '2025-05-20', NULL),
(15, 'HR Analytics Dashboard', 'Completed', '2024-09-01', '2024-12-15', NULL),
(16, 'Attendance Tracking System', 'Planned', '2025-04-05', '2025-07-30', NULL),
(17, 'Recruitment Portal', 'In Process', '2025-01-20', '2025-04-10', NULL),
(18, 'Performance Review Module', 'Completed', '2024-08-10', '2024-11-25', NULL),
(19, 'Employee Self-Service Portal', 'Planned', '2025-05-01', '2025-08-10', NULL),
(20, 'Leave Management System', 'In Process', '2025-02-15', '2025-05-05', NULL),
(21, 'Training & Development Tracker', 'Completed', '2024-07-01', '2024-10-20', NULL),
(22, 'HR Policy Documentation System', 'Planned', '2025-06-10', '2025-09-25', NULL),
(28, 'wdcsebver', 'Planned', '2025-03-15', '2025-03-21', NULL);

-- --------------------------------------------------------

--
-- Table structure for table `project_employees`
--

DROP TABLE IF EXISTS `project_employees`;
CREATE TABLE IF NOT EXISTS `project_employees` (
  `project_employees_id` int NOT NULL AUTO_INCREMENT,
  `project_id` int DEFAULT NULL,
  `employee_id` int DEFAULT NULL,
  PRIMARY KEY (`project_employees_id`),
  KEY `project_id` (`project_id`),
  KEY `employee_id` (`employee_id`)
) ENGINE=MyISAM AUTO_INCREMENT=21 DEFAULT CHARSET=utf8mb4 COLLATE=utf8mb4_0900_ai_ci;

--
-- Dumping data for table `project_employees`
--

INSERT INTO `project_employees` (`project_employees_id`, `project_id`, `employee_id`) VALUES
(18, 28, 5),
(17, 28, 4),
(16, 14, 42),
(15, 20, 39),
(19, 28, 8);

--
-- Constraints for dumped tables
--

--
-- Constraints for table `attendance`
--
ALTER TABLE `attendance`
  ADD CONSTRAINT `attendance_ibfk_1` FOREIGN KEY (`employee_id`) REFERENCES `employee` (`employee_id`);

--
-- Constraints for table `designation`
--
ALTER TABLE `designation`
  ADD CONSTRAINT `designation_ibfk_1` FOREIGN KEY (`department_id`) REFERENCES `department` (`department_id`);

--
-- Constraints for table `employee`
--
ALTER TABLE `employee`
  ADD CONSTRAINT `employee_ibfk_1` FOREIGN KEY (`department_id`) REFERENCES `department` (`department_id`),
  ADD CONSTRAINT `employee_ibfk_2` FOREIGN KEY (`designation_id`) REFERENCES `designation` (`designation_id`);

--
-- Constraints for table `leave`
--
ALTER TABLE `leave`
  ADD CONSTRAINT `leave_ibfk_1` FOREIGN KEY (`employee_id`) REFERENCES `employee` (`employee_id`),
  ADD CONSTRAINT `leave_ibfk_2` FOREIGN KEY (`leave_type_id`) REFERENCES `leave_type` (`leave_type_id`);
COMMIT;

/*!40101 SET CHARACTER_SET_CLIENT=@OLD_CHARACTER_SET_CLIENT */;
/*!40101 SET CHARACTER_SET_RESULTS=@OLD_CHARACTER_SET_RESULTS */;
/*!40101 SET COLLATION_CONNECTION=@OLD_COLLATION_CONNECTION */;
